swq:ID,name
0,外资背景
1,核电核能
2,三沙概念
3,食品安全
4,锂电池
5,IPV6概念
6,前海概念
7,O2O模式
8,碳纤维
9,日韩贸易
10,聚氨酯
11,多晶硅
12,天津自贸
13,基因测序
14,资产注入
15,皖江区域
16,含B股
17,空气治理
18,整体上市
19,金融改革
20,本月解禁
21,粤港澳
22,固废处理
23,分拆上市
24,生态农业
25,次新股
26,风能
27,信托重仓
28,特斯拉
29,内贸规划
30,融资融券
31,绿色照明
32,网络游戏
33,军工航天
34,沿海发展
35,文化振兴
36,QFII重仓
37,稀缺资源
38,宽带提速
39,4G概念
40,新零售
41,燃料电池
42,雄安新区
43,重组概念
44,含H股
45,生物疫苗
46,广东自贸
47,上海自贸
48,卫星导航
49,稀土永磁
50,生物育种
51,参股金融
52,养老概念
53,迪士尼
54,3D打印
55,社保重仓
56,陕甘宁
57,未股改
58,水域改革
59,装饰园林
60,黄金概念
61,太阳能
62,上海本地
63,保障房
64,京津冀
65,出口退税
66,油气改革
67,草甘膦
68,地热能
69,东亚自贸
70,建筑节能
71,阿里概念
72,新三板
73,三网融合
74,券商重仓
75,页岩气
76,电子支付
77,充电桩
78,节能环保
79,智能电网
80,超大盘
81,云计算
82,基因概念
83,准ST股
84,自贸区
85,抗癌
86,基金重仓
87,安防服务
88,抗流感
89,央企50
90,海上丝路
91,ST板块
92,铁路基建
93,互联金融
94,机器人概念
95,低碳经济
96,氢燃料
97,成渝特区
98,生物质能
99,污水处理
100,猪肉
101,石墨烯
102,基因芯片
103,高校背景
104,触摸屏
105,赛马概念
106,海水淡化
107,武汉规划
108,水利建设
109,节能
110,甲型流感
111,电商概念
112,海工装备
113,循环经济
114,军民融合
115,股权激励
116,业绩预升
117,婴童概念
118,生物燃料
119,金融参股
120,涉矿概念
121,苹果概念
122,土地流转
123,农村金融
124,风能概念
125,体育概念
126,黄河三角
127,信息安全
128,图们江
129,国产软件
130,汽车电子
131,免疫治疗
132,风沙治理
133,创投概念
134,智能交通
135,股期概念
136,智能机器
137,超导概念
138,超级细菌
139,丝绸之路
140,智能穿戴
141,可燃冰
142,智能家居
143,振兴沈阳
144,物联网
145,国企改革
146,民营银行
147,民营医院
148,含可转债
149,送转潜力
150,奢侈品
151,长株潭
152,5G概念
153,维生素
154,蓝宝石
155,海峡西岸
156,IP变现
157,业绩预降
158,保险重仓
159,博彩概念
160,深圳本地
161,新能源
162,摘帽概念
